{"centralized_loss": 573.1836596601687, "centralized_accuracy": 0.101, "_timestamp": 1742353287.8440106, "_runtime": 576.3241755962372, "_step": 10, "federated_evaluate_loss": 573.3013073730468, "accuracy": 0.096, "_wandb": {"runtime": 578}}