{"centralized_evaluate": [{"round": 0, "centralized_loss": 2.3027536968072764, "centralized_accuracy": 0.1}, {"round": 1, "centralized_loss": 2.3011287416512975, "centralized_accuracy": 0.1}, {"round": 2, "centralized_loss": 2.1263737092002892, "centralized_accuracy": 0.2833}], "federated_evaluate": [{"round": 1, "federated_evaluate_loss": 2.313257545744046, "accuracy": 0.09371196754563894}, {"round": 2, "federated_evaluate_loss": 2.1479987062292842, "accuracy": 0.248946763692072}]}