{"centralized_loss": 2.3019552246069375, "centralized_accuracy": 0.1174, "_timestamp": 1742384813.6532216, "_runtime": 3.339068651199341, "_step": 0}