{"centralized_loss": 2.303236534039433, "centralized_accuracy": 0.0942, "_timestamp": 1742383863.1251602, "_runtime": 8.658255100250244, "_step": 1, "federated_evaluate_loss": null}