{"centralized_loss": 2.3027470035674855, "centralized_accuracy": 0.0946, "_timestamp": 1742353982.2216482, "_runtime": 6.1691811084747314, "_step": 0}