{"centralized_evaluate": [{"round": 0, "centralized_loss": 2.301904545043604, "centralized_accuracy": 0.1105}, {"round": 1, "centralized_loss": 2.2979765540113846, "centralized_accuracy": 0.1228}, {"round": 2, "centralized_loss": 1.6833004486827423, "centralized_accuracy": 0.429}], "federated_evaluate": [{"round": 1, "federated_evaluate_loss": 2.2961560004098076, "accuracy": 0.1198}, {"round": 2, "federated_evaluate_loss": 1.6922706576756068, "accuracy": 0.4308}]}