{"centralized_loss": 2.302492197329244, "centralized_accuracy": 0.1059, "_timestamp": 1742384720.6571815, "_runtime": 26.843007564544678, "_step": 1, "federated_evaluate_loss": null}