{"centralized_loss": 2.3034874615958705, "centralized_accuracy": 0.1032, "_timestamp": 1742385386.480275, "_runtime": 3.2483978271484375, "_step": 0}