{"centralized_evaluate": [{"round": 0, "centralized_loss": 2.304201706529806, "centralized_accuracy": 0.0901}, {"round": 1, "centralized_loss": 2.305046466973643, "centralized_accuracy": 0.1}, {"round": 2, "centralized_loss": 2.1556304792245737, "centralized_accuracy": 0.165}], "federated_evaluate": [{"round": 1, "federated_evaluate_loss": 2.3055842736700067, "accuracy": 0.10562270099842354}, {"round": 2, "federated_evaluate_loss": 2.179733360965668, "accuracy": 0.16293929712460065}]}