{"centralized_loss": 2.3011287416512975, "centralized_accuracy": 0.1, "_timestamp": 1742385702.369563, "_runtime": 117.08323621749878, "_step": 1, "federated_evaluate_loss": 2.313257545744046, "accuracy": 0.09371196754563894}