{"centralized_loss": 2.302659161936361, "centralized_accuracy": 0.1192, "_timestamp": 1742384625.3357666, "_runtime": 117.24220967292786, "_step": 15, "federated_evaluate_loss": null}