{"centralized_loss": 2.3031932820146457, "centralized_accuracy": 0.0947, "_timestamp": 1742354694.5881464, "_runtime": 5.834517478942871, "_step": 0}